no,id,name,play_name,normalized_genre,libretto,first_author,title,subtitle,num_of_co_authors,max_degree_ids,num_of_segments,num_of_acts,num_of_speakers,num_of_speakers_male,num_of_speakers_female,num_of_speakers_unknown,num_of_person_groups,num_of_p,num_of_l,wikipedia_link_count,word_count_text,word_count_sp,word_count_stage,year_written,year_premiered,year_printed,year_normalized,average_degree,density,average_clustering,size,max_degree,num_connected_components,diameter,average_path_length
39,fre000035,anonyme-sauvages-civilises,anonyme-sauvages-civilises,,True,[anonyme],Les Sauvages ou Le Roi Bienfaisant.,Opéra National.,0,idamir,14,3,22,4,2,16,0,0,463,,4853,3469,1139,,,1789,1789,9.636363636363637,0.4588744588744589,0.8425524193572322,22,18.0,1.0,3.0,1.5887445887445888
204,fre000176,boursault-fete-de-la-seine,boursault-fete-de-la-seine,,True,Boursault,La Fête de la Seine,Divertissement en Musique,0,several characters,2,1,14,5,2,7,0,0,181,,1448,1272,61,,1690,1690,1690,13.0,1.0,1.0,14,13.0,1.0,1.0,1.0
237,fre000208,cahusac-zoroastre,cahusac-zoroastre,,True,Cahusac,Zoroastre,OPÉRA.,1,zoroastre,37,0,23,5,4,14,0,0,819,,8535,6855,1015,,,1756,1756,4.869565217391305,0.22134387351778656,0.6118012422360248,23,12.0,3.0,3.0,1.9714285714285715
242,fre000213,campistron-achille,campistron-achille,Tragedy,True,Campistron,Achille et Polixène,Tragédie en Musique,0,le-choeur,34,6,33,8,8,17,0,0,880,,6997,6326,295,,1687-11-07,1688,1687,5.212121212121212,0.16287878787878787,0.8296733642583446,33,23.0,3.0,3.0,1.982885085574572
338,fre000287,chabanon-toison-d-or,chabanon-toison-d-or,Tragedy,True,Chabanon,La Toison D'Or.,"Tragédie Lyrique, en Quatre Actes et en Vers.",0,jason|medee|choeur,18,4,10,5,3,2,0,0,587,,7346,4464,287,,,1788,1788,3.4,0.37777777777777777,0.5966666666666666,10,6.0,2.0,3.0,1.6111111111111112
370,fre000319,colle-ile-sonnante,colle-ile-sonnante,,True,Collé,"L'Ile Sonnante, Opéra Comique en Trois Actes.",,0,several characters,38,2,10,4,3,3,0,86,684,,6648,6053,296,,1731,1768,1731,6.2,0.6888888888888889,0.8642857142857142,10,8.0,1.0,3.0,1.3333333333333333
434,fre000381,corneillet-medee,corneillet-medee,,True,Corneille,Médée,Tragédie en Musique,0,le-choeur,36,6,31,4,6,21,0,0,1167,8.0,9745,9250,580,,1693-12-04,1693,1693,7.161290322580645,0.23870967741935484,0.8653135037006006,31,25.0,1.0,3.0,1.918279569892473
509,fre000440,dancourt-divertissement-de-sceaux,dancourt-divertissement-de-sceaux,Comedy,True,Dancourt,Divertissement de Sceaux,Comédie-Ballet,0,several characters,1,1,4,2,1,1,0,1,149,,1722,1620,71,,1705-08-13,1705,1705,3.0,1.0,1.0,4,3.0,1.0,1.0,1.0
524,fre000455,dancourt-impromptu-de-livry,dancourt-impromptu-de-livry,Comedy,True,Dancourt,L'Impromptu de Livry,Comédie-Ballet,0,flore,10,1,7,1,0,6,0,1,140,,1561,1235,219,,1705-08-12,1705,1705,1.7142857142857142,0.2857142857142857,0.3333333333333333,7,3.0,2.0,2.0,1.3333333333333333
525,fre000456,dancourt-impromptu-suresnes,dancourt-impromptu-suresnes,Comedy,True,Dancourt,L'Impromptu de Suresnes,Comédie-Ballet,0,la-folie,21,1,20,9,7,4,0,361,168,,9506,9260,14,,1713-05-02,1713,1713,8.9,0.46842105263157896,0.8738631221719457,20,17.0,1.0,3.0,1.5894736842105264
595,fre000522,dorneval-lesage-amours-de-nanterre,dorneval-lesage-amours-de-nanterre,,True,Dorneval,Les Amours de Nanterre,Opéra Comique,0,madame-thomas,18,1,8,5,3,0,0,244,373,,6120,5900,636,,1718,1763,1718,5.0,0.7142857142857143,0.8607142857142857,8,7.0,1.0,2.0,1.2857142857142858
597,fre000524,dorneval-lesage-opera-comique,dorneval-lesage-opera-comique,,True,Dorneval,L'Opéra Comique Assiégé,Pièce d'un Acte,1,la-comedie-italienne,17,1,17,5,3,9,0,49,315,,3895,3452,681,,1730,1730,1730,4.9411764705882355,0.3088235294117647,0.6829640947288006,17,12.0,1.0,4.0,1.9705882352941178
598,fre000525,dorneval-lesage-reine-de-barostan,dorneval-lesage-reine-de-barostan,,True,Dorneval,La Reine du Barostan,Pièce d'un Acte,0,almoraddin|assan,18,1,9,5,3,1,0,89,574,,5273,5034,850,,1730,1730,1730,4.444444444444445,0.5555555555555556,0.8000000000000002,9,7.0,1.0,3.0,1.4722222222222223
683,fre000611,fagan-isabelle-arlequin,fagan-isabelle-arlequin,,True,Fagan,Isabelle Arlequin,"Opéra-Comique en un Acte en un Acte et en Canevas, avec un Divertissement.",0,eraste,15,0,7,2,4,1,0,103,258,,3141,2896,275,,,1770,1770,2.0,0.3333333333333333,0.42857142857142855,7,4.0,2.0,2.0,1.3636363636363635
684,fre000612,fagan-momus-a-paris,fagan-momus-a-paris,,True,Fagan,Momus à Paris,Opéra-Comique en un Acte,0,momus|la-girouette,14,0,17,8,3,6,0,21,482,,4010,3630,531,,,1770,1770,2.7058823529411766,0.16911764705882354,0.7294117647058824,17,5.0,5.0,2.0,1.1481481481481481
686,fre000614,fagan-sylphe-suppose,fagan-sylphe-suppose,,True,Fagan,Le Sylphe Supposé,Opéra-Comique en un Acte en un Acte.,0,uranie,16,0,13,4,3,6,0,180,521,,6527,6333,414,,,1770,1770,3.8461538461538463,0.32051282051282054,0.723015873015873,13,9.0,3.0,3.0,1.6
690,fre000617,favart-acajou,favart-acajou,,True,Favart,"Acajou, Opéra Comique",,0,acajou,22,0,12,2,3,7,0,221,520,,7373,7133,414,,1744-03-18,1744,1744,5.0,0.45454545454545453,0.7311688311688312,12,11.0,1.0,2.0,1.5454545454545454
729,fre000654,fuzelier-legrand-animaux-raisonnables,fuzelier-legrand-animaux-raisonnables,,True,Fuzelier,Les Animaux Raisonnables,PIÈCE d'un acte,1,ulysse,15,1,12,1,1,10,0,146,163,,3585,3442,248,,1718-02-25,1718,1718,2.5,0.22727272727272727,0.3696428571428571,12,8.0,1.0,3.0,2.0454545454545454
730,fre000655,fuzelier-lesage-tableau-du-mariage,fuzelier-lesage-tableau-du-mariage,,True,Lesage,Le Tableau du Mariage,PIÈCE en un acte,1,diamantine|olivette,15,1,11,6,3,2,0,184,146,,3687,3489,258,,1716-02-03,1712,1712,5.2727272727272725,0.5272727272727272,0.799062049062049,11,9.0,1.0,3.0,1.490909090909091
733,fre000659,gabriel-laboullaye-josephine,gabriel-laboullaye-josephine,,True,Gabriel,Joséphine ou Le Retour de Wagram,Opéra en un Acte,1,le-choeur,15,1,17,3,3,11,0,169,211,,6229,5830,523,,1830-12-02,1830,1830,5.411764705882353,0.3382352941176471,0.7500891265597148,17,12.0,1.0,3.0,1.8088235294117647
855,fre000771,hoffman-phedre,hoffman-phedre,,True,Hoffmann,Phèdre,Tragédie Lyrique,0,le-choeur|phedre,21,3,21,1,3,17,0,0,864,1.0,6949,6557,341,,1786-01-01,1786,1786,8.19047619047619,0.4095238095238095,0.7981407481407481,21,15.0,1.0,3.0,1.6428571428571428
887,fre000886,l-estoile-maistre-galimathias,l-estoile-maistre-galimathias,,True,L'Estoile,Maître Galimathias pour le Grand Bal,de la Douairière de Billebahaut et de son Fanfan de Sotte-ville,0,several characters,2,0,12,8,1,3,0,0,191,,1497,1425,4,,,1626,1626,7.666666666666667,0.696969696969697,0.8333333333333334,12,9.0,2.0,1.0,1.0
900,fre000817,la-fontaine-astree,la-fontaine-astree,Tragedy,True,La Fontaine,Astrée,Tragédie Lyrique,0,choeur,24,3,24,5,7,12,0,0,768,0.0,5947,5661,97,,1691-11-28,1691,1691,4.166666666666667,0.18115942028985507,0.8262922262922262,24,14.0,3.0,3.0,1.9896373056994818
902,fre000819,la-fontaine-daphne,la-fontaine-daphne,,True,La Fontaine,Daphné,OPÉRA,0,choeur,33,5,54,15,8,31,0,0,951,,8982,7890,1591,,,1682,1682,9.296296296296296,0.17540181691125087,0.7955914648954439,54,28.0,3.0,4.0,2.270739064856712
905,fre000822,la-fontaine-galatee,la-fontaine-galatee,,True,La Fontaine,Galatée,OPÉRA,0,galatee,9,1,11,4,0,7,0,0,330,,2644,2443,6,,,1682,1682,5.2727272727272725,0.5272727272727272,0.7903318903318904,11,10.0,1.0,2.0,1.4727272727272727
907,fre000824,la-fontaine-rieurs-du-beau-richard,la-fontaine-rieurs-du-beau-richard,,True,La Fontaine,Les Rieurs du Beau-Richard,Ballet,0,le-marchand,9,1,10,1,0,9,0,0,207,,1790,1651,213,,,1659,1659,1.6,0.17777777777777778,0.42000000000000004,10,5.0,4.0,2.0,1.5
918,fre000845,la-motte-carnaval-folie,la-motte-carnaval-folie,Comedy,True,La Motte,Le Carnaval et la Folie,Comédie Ballet.,1,choeur,21,0,22,8,1,13,0,0,722,,6628,5639,373,,1703-12-27,1752,1703,8.545454545454545,0.4069264069264069,0.8504396473682992,22,20.0,1.0,3.0,1.632034632034632
924,fre000851,la-motte-scanderberg,la-motte-scanderberg,Tragedy,True,La Motte,Scanderberg,Tragédie,0,le-choeur,28,5,26,6,7,13,0,0,835,,7313,5907,152,,1735-10-27,1735,1735,4.6923076923076925,0.18769230769230769,0.794617995127045,26,17.0,2.0,3.0,2.0733333333333333
955,fre000887,le-tellier-dom-juan,le-tellier-dom-juan,,True,Le Tellier,Don Juan ou Le Festin de Pierre,,0,don-juan,11,3,10,4,4,2,0,0,213,,1923,1638,407,,1713,1713,1713,3.0,0.3333333333333333,0.9066666666666666,10,6.0,2.0,2.0,1.375
1050,fre000956,marmontel-hercule-mourant,marmontel-hercule-mourant,,True,Marmontel,Hercule Mourant,Tragédie en Musique en Cinq Actes,0,dejanire,23,5,22,4,5,13,0,0,565,,4918,4551,330,,1761-03-04,1761,1761,4.545454545454546,0.21645021645021645,0.8203102453102453,22,11.0,1.0,4.0,2.242424242424242
1091,fre000997,moliere-bourgeois-gentilhomme,moliere-bourgeois-gentilhomme,Comedy,True,Molière,Le Bourgeois Gentilhomme,Comédie Ballet,0,monsieur-jourdain,42,5,50,5,4,41,0,1046,315,23.0,22557,21652,782,,,1671,1671,7.64,0.15591836734693879,0.9075050505050506,50,22.0,5.0,3.0,1.5225464190981433
1101,fre001007,moliere-facheux,moliere-facheux,Comedy,True,Molière,Les Fâcheux,Comédie,1,eraste,25,3,16,14,1,1,0,5,934,5.0,10949,9211,406,,,1662,1662,2.375,0.15833333333333333,0.35760073260073255,16,14.0,2.0,2.0,1.819047619047619
1109,fre001015,moliere-mariage-force,moliere-mariage-force,Comedy,True,Molière,Le Mariage Forcé,Comédie.,0,sganarelle,10,1,11,6,1,4,0,366,0,7.0,6744,6364,33,,1664-01-29,1668,1664,2.727272727272727,0.2727272727272727,0.6464646464646464,11,10.0,1.0,2.0,1.7272727272727273
1114,fre001020,moliere-monsieur-pourceaugnac,moliere-monsieur-pourceaugnac,Comedy,True,Molière,Monsieur de Pourceaugnac,Comédie,0,monsieur-de-pourceaugnac,31,4,34,11,3,20,0,646,118,11.0,13863,13374,211,,1669-11-15,1665,1665,5.235294117647059,0.1586452762923351,0.820016339869281,34,16.0,4.0,3.0,1.819327731092437
1180,fre001085,ormoy-zelmis,ormoy-zelmis,,True,d'Ormoy,"Zelmis, ou La Jeune Sauvage","Opera-Comique en un Acte, Mêlé d'Ariettes sur des Airs Connus.",0,mirville|zelmis|almanzaïde,8,0,3,1,2,0,0,91,217,,4868,4674,331,,,1780,1780,2.0,1.0,1.0,3,2.0,1.0,1.0,1.0
1209,fre001113,pg-thesee,pg-thesee,,True,P. G.,Thésée,Opérette,0,minos|pasiphaë,12,0,12,2,3,7,0,269,341,,6232,6027,223,,,1889,1889,8.666666666666666,0.7878787878787878,0.9223905723905724,12,11.0,1.0,2.0,1.2121212121212122
1210,fre001114,pic-aricie,pic-aricie,,True,Pic,Aricie,Ballet en Musique,0,choeur,37,0,29,7,4,18,0,0,816,,6322,5729,228,,,1697,1697,4.275862068965517,0.15270935960591134,0.7445812807881773,29,15.0,1.0,5.0,2.477832512315271
1258,fre001162,quinault-alceste,quinault-alceste,,True,Quinault,Alceste ou Le Triomphe d'Alcide,Tragédie,1,choeur,41,6,42,11,10,21,0,0,1029,,9873,7198,581,,1682-04-17,1739,1682,7.571428571428571,0.18466898954703834,0.6849836896543335,42,24.0,4.0,4.0,2.1390013495276654
1259,fre001163,quinault-amadis,quinault-amadis,Tragedy,True,Quinault,Amadis,Tragédie en Musique.,0,le-choeur,25,6,23,4,5,14,0,0,686,,5991,5159,599,,1684-01-15,1684,1684,5.217391304347826,0.23715415019762845,0.6537674885500973,23,14.0,1.0,4.0,2.047430830039526
1261,fre001165,quinault-armide,quinault-armide,,True,Quinault,Armide,Tragédie,0,le-choeur,23,6,23,4,5,14,0,0,832,,7668,6844,655,,1686-02-15,1686,1686,4.695652173913044,0.2134387351778656,0.7155221590004198,23,13.0,1.0,5.0,2.292490118577075
1264,fre001168,quinault-cadmus-hermione,quinault-cadmus-hermione,,True,Quinault,Cadmus et Hermione,Tragédie,0,arbas,30,6,39,9,7,23,0,0,894,,8748,7372,1446,,1673-02-01,1673,1673,8.0,0.21052631578947367,0.8336220449932824,39,23.0,1.0,5.0,2.4696356275303644
1272,fre001176,quinault-isis,quinault-isis,,True,Quinault,Isis,Tragédie en Musique,0,mercure,35,6,70,8,9,53,0,0,1002,,8787,7538,796,,1677-01-05,1687,1677,8.314285714285715,0.12049689440993788,0.8451633858314147,70,25.0,1.0,5.0,2.734575569358178
1275,fre001178,quinault-persee,quinault-persee,,True,Quinault,Persée,Tragédie,0,cephee,37,6,49,10,10,29,0,0,1046,,8938,7973,703,,1682-04-17,1682,1682,7.3061224489795915,0.1522108843537415,0.8256335206673237,49,23.0,5.0,5.0,2.492273730684327
1277,fre001180,quinault-roland,quinault-roland,,True,Quinault,Roland,Tragédie en musique,0,roland,28,6,31,7,6,18,0,0,1139,,9359,8576,665,,1685-01-18,1685,1685,4.193548387096774,0.13978494623655913,0.8419005725457338,31,12.0,4.0,4.0,2.2884615384615383
1280,fre001183,quinault-thesee,quinault-thesee,Tragedy,True,Quinault,Thésée,"Tragédie en Musique Ornée d'Entrées de Ballets, de Machines et de Changements de Théâtre, Représentée Devant S. M., à Saint-Germain en Laye, le Onzième Jour de Janvier 1675.",0,several characters,44,5,38,5,5,28,0,0,1297,,10164,9079,614,,1675-01-11,1675,1675,7.052631578947368,0.1906116642958748,0.8114623680413153,38,11.0,3.0,4.0,1.7986798679867986
1305,fre001206,regnard-carnaval-de-venise,regnard-carnaval-de-venise,,True,Regnard,Le Carnaval de Venise,,0,le-choeur,34,5,31,3,1,27,0,0,715,,5713,5226,434,,1699-05,1699,1699,3.7419354838709675,0.12473118279569892,0.7823348694316435,31,15.0,4.0,3.0,1.8697916666666667
1358,fre001262,rousseau-muses-galantes,rousseau-muses-galantes,,True,Rousseau,Les Muses Galantes,Ballet,0,le-choeur,23,4,20,8,4,8,0,0,582,2.0,4721,4101,223,,1744,1743,1743,3.3,0.1736842105263158,0.6077777777777776,20,10.0,1.0,5.0,2.626315789473684
1363,fre001258,rousseaujb-jason,rousseaujb-jason,,True,Rousseau,"Jason, ou La Toison d'or",OPÉRA,0,le-choeur,31,6,25,5,5,15,0,0,881,,6853,6385,223,,1696-01-06,1694,1694,4.16,0.17333333333333334,0.7017721755368814,25,18.0,3.0,3.0,1.9960474308300395
1407,fre001304,saint-foix-hommes,saint-foix-hommes,Comedy,True,Saint-Foix,Les Hommes,"Comedie-Ballet en un Acte,",0,la-folie|promethee|mercure,2,1,5,2,0,3,0,120,64,,4092,3922,667,,1753-06-27,1753,1753,1.6,0.4,0.6,5,2.0,2.0,1.0,1.0
1442,fre001340,scribe-ministre-sous-louis-xv,scribe-ministre-sous-louis-xv,,True,Scribe,Un Ministre sous Louis Xv,Ou le Secret de Rester en Place.,0,le-duc,8,0,7,2,1,4,0,303,0,,8886,8732,386,,,1861,1861,2.2857142857142856,0.38095238095238093,0.5904761904761904,7,6.0,1.0,2.0,1.619047619047619
1492,fre001390,vade-impromptu-du-coeur,vade-impromptu-du-coeur,,True,Vadé,L'Impromptu du Coeur,Opéra Comique,0,jerome|nicaise,8,1,17,2,10,5,0,160,280,,3952,3713,304,,1757-02-08,1757,1757,10.352941176470589,0.6470588235294118,0.8539721716192306,17,15.0,1.0,3.0,1.4264705882352942
1494,fre001391,vade-poirier,vade-poirier,,True,Vadé,Le Poirier,Opéra Comique,0,claudine|pierrot|thomas,15,0,8,3,2,3,0,188,505,,5756,5514,393,,1752-08-07,1752,1752,4.5,0.6428571428571429,0.7999999999999999,8,6.0,2.0,2.0,1.1428571428571428
1495,fre001392,vade-veuve-indecise,vade-veuve-indecise,,True,Vadé,La Veuve Indécise,Opéra Comique,0,several characters,12,1,6,2,2,2,0,153,318,,2994,2897,54,,1759,1758,1758,4.666666666666667,0.9333333333333333,0.9333333333333332,6,5.0,1.0,2.0,1.0666666666666667
1515,fre001411,voltaire-baron-d-otrante,voltaire-baron-d-otrante,,True,Voltaire,Le Baron d'Otrante,Opéra Bouffe,0,irene,14,3,8,1,1,6,0,2,388,,3413,3197,166,,1784,1784,1784,3.25,0.4642857142857143,0.8125000000000001,8,6.0,1.0,3.0,1.6071428571428572
1521,fre001417,voltaire-deux-tonneaux,voltaire-deux-tonneaux,,True,Voltaire,Les Deux Tonneaux,Opéra Comique en Trois Actes,0,gregoire|prestine|glycere,13,3,12,4,3,5,0,0,700,0.0,5510,5206,200,,,1734,1734,6.166666666666667,0.5606060606060606,0.7863756613756614,12,9.0,1.0,3.0,1.4848484848484849
1544,fre001439,voltaire-pandore,voltaire-pandore,,True,Voltaire,Pandore,OPÉRA en cinq actes,0,promethee|pandore,6,5,34,3,3,28,0,0,650,0.0,4925,4729,344,,1767-02-17,1762,1762,11.352941176470589,0.34402852049910876,0.8825779324481747,34,28.0,1.0,3.0,1.7005347593582887
1547,fre001442,voltaire-samson,voltaire-samson,,True,Voltaire,Samson,Tragédie en cinq actes et un Prologue.,0,le-choeur,23,6,33,4,3,26,0,0,783,1.0,5643,5299,206,,,1732,1732,6.363636363636363,0.19886363636363635,0.86252560974841,33,24.0,1.0,3.0,1.9602272727272727
1554,fre001449,voltaire-tanis-zelide,voltaire-tanis-zelide,Tragedy,True,Voltaire,Tanis et Zélide,Ou les Rois Pasteurs,0,choeur,27,0,19,3,2,14,0,0,671,,5222,4913,202,,,1733,1733,5.157894736842105,0.28654970760233917,0.7168793195108986,19,16.0,2.0,3.0,1.7320261437908497
37,ger000242,bernard-faust,bernard-faust,,True,Bernard,Faust,Große romantische Oper in drei Akten,0,chor,46,3,22,12,7,3,7,0,1434,9.0,10145,9458,1945,,1816,,1816,9.363636363636363,0.4458874458874459,0.8004584210079567,22,19.0,1.0,3.0,1.5757575757575757
53,ger000048,brandes-ariadne-auf-naxos,brandes-ariadne-auf-naxos,,True,Brandes,Ariadne auf Naxos,Ein Duodrama mit Musick,0,ariadne,2,0,3,1,2,0,0,0,184,4.0,2472,1930,305,,1775,,1775,1.3333333333333333,0.6666666666666666,0.0,3,2.0,1.0,2.0,1.3333333333333333
54,ger000177,brandes-ino,brandes-ino,,True,Brandes,Ino,Ein Melodrama,0,chor,11,0,9,1,3,5,4,185,52,0.0,2468,2096,311,1777,1779,1779,1779,3.111111111111111,0.3888888888888889,0.6555555555555556,9,6.0,1.0,4.0,1.9444444444444444
56,ger000202,braun-von-braunthal-das-nachtlager-von-granada,braun-von-braunthal-das-nachtlager-von-granada,,True,Braun von Braunthal,Das Nachtlager von Granada,Romantische Oper in zwei Aufzügen,0,jaeger|chor_der_hirten|gabriele,19,2,11,9,1,1,3,0,1096,6.0,9227,8758,2556,,1834,,1834,6.909090909090909,0.6909090909090909,0.8796536796536796,11,10.0,1.0,2.0,1.309090909090909
67,ger000219,bunge-der-trompeter-von-saekkingen,bunge-der-trompeter-von-saekkingen,,True,Bunge,Der Trompeter von Säkkingen,"Oper in 3 Akten, nebst einem Vorspiel",0,conradin|werner,4,3,19,12,3,4,10,0,1315,2.0,7637,7458,39,,1884,,1884,11.368421052631579,0.631578947368421,0.8760369661298455,19,18.0,1.0,2.0,1.368421052631579
68,ger000542,busoni-doktor-faust,busoni-doktor-faust,,True,Busoni,Doktor Faust,,0,mephistopheles|faust,6,0,40,31,2,7,7,252,427,8.0,7031,6113,1560,,1925,1920,1920,16.65,0.4269230769230769,0.928480427822533,40,39.0,1.0,2.0,1.573076923076923
69,ger000145,busoni-turandot,busoni-turandot,,True,Busoni,Turandot,Eine chinesische Fabel nach Gozzi in zwei Akten,0,kalaf,4,2,16,9,6,1,7,176,352,7.0,4505,4220,710,,1917,1920,1917,9.5,0.6333333333333333,0.9259615384615384,16,14.0,1.0,3.0,1.3916666666666666
72,ger000433,chezy-euryanthe,chezy-euryanthe,,True,Chézy,Euryanthe,Romantische Oper in drei Aufzügen,0,adolar|chor|lysiart,25,3,12,6,4,2,5,0,1046,18.0,8939,7778,2683,,1823,,1823,7.5,0.6818181818181818,0.8410052910052911,12,10.0,1.0,2.0,1.3181818181818181
76,ger000318,cornelius-der-barbier-von-bagdad,cornelius-der-barbier-von-bagdad,,True,Cornelius,Der Barbier von Bagdad,Komische Oper in zwei Aufzügen,0,kadi,20,2,18,12,3,3,8,0,978,11.0,7362,7001,1955,,1858,,1858,8.222222222222221,0.48366013071895425,0.8390319556986223,18,15.0,1.0,2.0,1.5163398692810457
84,ger000055,devrient-hans-heiling,devrient-hans-heiling,,True,Devrient,Hans Heiling,Romantische Oper in drei Aufzügen und einem Vorspiel,0,stephan,29,3,17,8,5,4,9,156,1220,9.0,14069,12682,4269,,1833,,1833,8.941176470588236,0.5588235294117647,0.8557716793010911,17,15.0,1.0,3.0,1.4558823529411764
87,ger000352,dovsky-mona-lisa,dovsky-mona-lisa,,True,Dovsky,Mona Lisa,Oper in zwei Akten,0,several characters,2,2,20,10,6,4,6,0,1044,4.0,6161,6034,0,,1915,,1915,17.9,0.9421052631578948,0.9742690058479532,20,19.0,1.0,2.0,1.0578947368421052
108,ger000026,gehe-jessonda,gehe-jessonda,,True,Gehe,Jessonda,Oper in drei Aufzügen,0,several characters,3,3,14,8,6,0,5,0,945,3.0,5007,4909,33,,1828,,1828,12.0,0.9230769230769231,0.9420579420579422,14,13.0,1.0,2.0,1.0769230769230769
139,ger000009,gotter-der-dorfjahrmarkt,gotter-der-dorfjahrmarkt,,True,Gotter,Der Dorfjahrmarkt,Eine komische Oper in zwei Aufzügen,0,lukas|fikfak,25,2,18,14,4,0,2,623,226,0.0,11547,11210,1474,,1775,1778,1775,10.666666666666666,0.6274509803921569,0.806425364758698,18,16.0,1.0,3.0,1.3986928104575163
140,ger000061,gotter-die-geisterinsel,gotter-die-geisterinsel,,True,Gotter,Die Geisterinsel,Ein Singspiel in drey Akten,1,prospero|miranda,28,3,13,10,1,2,4,356,1079,1.0,13185,11699,2425,,1798,,1798,9.23076923076923,0.7692307692307693,0.8470529470529473,13,12.0,1.0,2.0,1.2307692307692308
141,ger000246,gotter-medea,gotter-medea,,True,Gotter,Medea,,0,medea,5,0,5,3,2,0,0,43,0,3.0,2222,2161,304,,1775,1782,1775,2.8,0.7,0.7,5,4.0,1.0,2.0,1.3
183,ger000329,haffner-die-fledermaus,haffner-die-fledermaus,,True,Haffner,Die Fledermaus,Operette in drei Aufzügen,1,chor_der_gaeste_alle,41,3,29,17,11,1,3,759,1023,33.0,16654,15972,1743,,1874,,1874,19.862068965517242,0.7093596059113301,0.8758079381712301,29,26.0,1.0,3.0,1.3152709359605912
230,ger000267,hofmannsthal-ariadne-auf-naxos,hofmannsthal-ariadne-auf-naxos,,True,Hofmannsthal,Ariadne auf Naxos,Oper in einem Aufzuge nebst einem Vorspiel / Neue Bearbeitung,0,zerbinetta|der_tenor_bacchus|primadonna_ariadne,2,1,17,12,5,0,0,177,546,21.0,7914,7737,1802,,1916,1912,1912,10.235294117647058,0.6397058823529411,0.9279411764705883,17,16.0,1.0,2.0,1.3602941176470589
234,ger000109,hofmannsthal-der-rosenkavalier,hofmannsthal-der-rosenkavalier,,True,Hofmannsthal,Der Rosenkavalier,Komödie für Musik,0,several characters,3,3,32,20,6,6,11,0,1785,31.0,20724,19753,7619,1909/1910,1911,1911,1911,17.25,0.5564516129032258,0.9146343940911004,32,31.0,1.0,2.0,1.4435483870967742
241,ger000012,hofmannsthal-die-frau-ohne-schatten,hofmannsthal-die-frau-ohne-schatten,,True,Hofmannsthal,Die Frau ohne Schatten,Oper in drei Akten,0,several characters,3,3,24,9,4,11,9,0,1929,18.0,12151,11963,3702,1911/1915,1919,1919,1919,15.583333333333334,0.677536231884058,0.8935987448859303,24,23.0,1.0,2.0,1.3224637681159421
274,ger000405,kind-der-freischuetz,kind-der-freischuetz,,True,Kind,Der Freischütz,Romantische Oper in drei Aufzügen,0,max|kaspar,20,3,23,12,6,5,9,295,608,37.0,11301,10571,2774,,1821,,1821,8.434782608695652,0.383399209486166,0.7673428529263768,23,19.0,1.0,4.0,1.774703557312253
320,ger000438,kupelwieser-fierrabras,kupelwieser-fierrabras,,True,Kupelwieser,Fierrabras,Heroisch-romantische Oper in drei Akten,0,emma|roland|die_ritter,33,3,18,12,6,0,7,0,780,12.0,6927,6109,2147,,1897,,1897,8.444444444444445,0.49673202614379086,0.828058053058053,18,14.0,1.0,3.0,1.5620915032679739
322,ger000537,lachmann-salome,lachmann-salome,,True,Lachmann,Salome,Drama in einem Aufzuge,0,erster_soldat|jochanaan,4,0,17,15,2,0,0,259,0,32.0,6253,6144,475,,1905,1905,1905,10.470588235294118,0.6544117647058824,0.9169467787114846,17,16.0,1.0,2.0,1.3455882352941178
355,ger000147,lortzing-der-waffenschmied,lortzing-der-waffenschmied,,True,Lortzing,Der Waffenschmied,Komische Oper in drei Aufzügen,0,several characters,38,3,12,8,2,2,4,453,1127,5.0,13441,12872,1294,,1846,,1846,9.166666666666666,0.8333333333333334,0.8949735449735451,12,11.0,1.0,2.0,1.1666666666666667
356,ger000269,lortzing-der-wildschuetz,lortzing-der-wildschuetz,,True,Lortzing,Der Wildschütz oder Die Stimme der Natur,Komische Oper in drei Aufzügen,0,graf|baculus|baron,45,3,16,7,7,2,5,559,1548,8.0,18356,17670,1938,,1842,,1842,7.5,0.5,0.8542297979797981,16,12.0,1.0,3.0,1.575
357,ger000094,lortzing-zar-und-zimmermann,lortzing-zar-und-zimmermann,,True,Lortzing,Zar und Zimmermann,Komische Oper in drei Aufzügen,0,van_bett|iwanow|zar,37,3,20,11,5,4,10,441,1274,11.0,16328,15596,1890,,1837,1891,1837,7.8,0.4105263157894737,0.8521944721944722,20,15.0,1.0,3.0,1.6842105263157894
370,ger000454,mosenthal-das-goldene-kreuz,mosenthal-das-goldene-kreuz,,True,Mosenthal,Das goldene Kreuz,Oper in zwei Aufzügen,0,several characters,14,2,10,5,4,1,5,199,831,4.0,9422,8958,1156,,1875,,1875,7.8,0.8666666666666667,0.9166666666666666,10,9.0,1.0,2.0,1.1333333333333333
371,ger000036,mosenthal-die-koenigin-von-saba,mosenthal-die-koenigin-von-saba,,True,Mosenthal,Die Königin von Saba,Oper in vier Aufzügen,0,several characters,22,4,14,8,4,2,6,0,831,9.0,7308,6242,2440,,1875,,1875,9.857142857142858,0.7582417582417582,0.9130230880230881,14,12.0,1.0,3.0,1.2527472527472527
372,ger000334,mosenthal-die-lustigen-weiber-von-windsor,mosenthal-die-lustigen-weiber-von-windsor,,True,Mosenthal,Die lustigen Weiber von Windsor,Komisch-phantastische Oper in drei Aufzügen,0,falstaff,43,3,22,12,3,7,8,204,1088,16.0,12183,11475,2303,,1849,,1849,8.090909090909092,0.3852813852813853,0.8828606924863608,22,18.0,1.0,3.0,1.7272727272727273
416,ger000570,raupach-agnes-von-hohenstaufen,raupach-agnes-von-hohenstaufen,,True,Raupach,Agnes von Hohenstaufen,Große historisch-romantische Oper in 3 Aufzügen,0,irmengard|agnes|philipp,30,3,27,19,5,3,9,0,1208,0.0,8999,8157,1433,,1829,1837,1829,12.88888888888889,0.49572649572649574,0.8438369393477755,27,22.0,1.0,3.0,1.5584045584045585
419,ger000139,reinick-genoveva,reinick-genoveva,,True,Reinick,Genoveva,Oper in vier Akten,1,margaretha|golo,4,4,19,10,5,4,10,0,1100,13.0,6182,6125,43,,1850,,1850,10.105263157894736,0.5614035087719298,0.8782522860696236,19,18.0,1.0,2.0,1.4385964912280702
421,ger000307,riese-martha,riese-martha,,True,Riese,Martha oder Der Markt zu Richmond,Romantisch-Komische Oper in vier Aufzügen,0,maegde_vier_maegde_weitere_maegde_alle_maegde,28,4,24,11,10,3,10,0,1619,16.0,8670,8260,714,,1847,,1847,9.583333333333334,0.4166666666666667,0.8499292986425341,24,17.0,1.0,3.0,1.7427536231884058
423,ger000162,roeber-koenig-manfred,roeber-koenig-manfred,,True,Roeber,König Manfred,Oper in fünf Akten,0,ghismonde,31,5,25,16,7,2,13,0,1145,0.0,6512,6368,20,,1867,,1867,7.04,0.29333333333333333,0.7309613427508165,25,19.0,2.0,3.0,1.7401574803149606
450,ger000256,schikaneder-die-zauberfloete,schikaneder-die-zauberfloete,,True,Schikaneder,Die Zauberflöte,Große Oper in zwey Aufzügen,0,tamino|papageno,49,2,27,17,6,4,4,366,785,59.0,12760,11677,2178,,1791,,1791,8.296296296296296,0.3190883190883191,0.7637981118373275,27,18.0,1.0,3.0,1.8034188034188035
472,ger000292,schnitzer-der-zigeunerbaron,schnitzer-der-zigeunerbaron,,True,Schnitzer,Der Zigeunerbaron,Operette in 3 Acten,0,several characters,14,3,19,11,5,3,8,0,1571,22.0,8208,7979,341,,1885,,1885,14.0,0.7777777777777778,0.9112070334206557,19,17.0,1.0,3.0,1.2280701754385965
490,ger000154,schober-alfonso-und-estrella,schober-alfonso-und-estrella,,True,Schober,Alfonso und Estrella,Romantische Oper in drei Akten,0,chor_der_frauen,23,3,18,11,4,3,10,0,918,9.0,6163,5702,886,,1854,,1854,8.777777777777779,0.5163398692810458,0.8210598043931375,18,14.0,1.0,3.0,1.522875816993464
503,ger000095,sonnleithner-fidelio,sonnleithner-fidelio,,True,Sonnleithner,Fidelio,Oper in zwei Aufzügen,2,pizarro|rocco,20,2,12,9,2,1,3,160,664,42.0,8488,7862,1835,,1805,,1805,6.0,0.5454545454545454,0.8615079365079366,12,9.0,1.0,3.0,1.5757575757575757
509,ger000381,stephanie-die-entfuehrung-aus-dem-serail,stephanie-die-entfuehrung-aus-dem-serail,,True,Stephanie,Die Entführung aus dem Serail,Ein Singspiel in drey Aufzügen,0,pedrillo,28,3,9,7,2,0,0,287,482,37.0,9670,9308,1032,,1782,,1782,4.888888888888889,0.6111111111111112,0.746031746031746,9,7.0,2.0,2.0,1.2142857142857142
510,ger000133,stephanie-die-liebe-im-narrenhause,stephanie-die-liebe-im-narrenhause,,True,Stephanie,Die Liebe im Narrenhause,Eine komische Oper in zwey Aufzügen,0,several characters,41,2,11,7,4,0,0,394,806,0.0,14944,14417,2020,,1787,,1787,10.0,1.0,1.0,11,10.0,1.0,1.0,1.0
511,ger000344,stephanie-doktor-und-apotheker,stephanie-doktor-und-apotheker,,True,Stephanie,Doktor und Apotheker,Komische Oper in zwei Aufzügen,0,krautmann,45,2,10,7,3,0,0,421,1183,6.0,19328,18428,3929,,1786,,1786,7.4,0.8222222222222222,0.8777777777777779,10,9.0,1.0,2.0,1.1777777777777778
540,ger000317,wagner-das-rheingold,wagner-das-rheingold,,True,Wagner,Das Rheingold,,0,wotan|loge|alberich,4,0,14,8,6,0,0,0,1876,32.0,10404,10082,2726,,1869,1853,1853,11.571428571428571,0.8901098901098901,0.9725274725274726,14,13.0,1.0,2.0,1.10989010989011
541,ger000245,wagner-der-fliegende-hollaender,wagner-der-fliegende-hollaender,,True,Wagner,Der fliegende Holländer,,0,several characters,3,3,9,6,3,0,3,0,828,36.0,7017,6718,1635,,1843,,1843,8.0,1.0,1.0,9,8.0,1.0,1.0,1.0
543,ger000422,wagner-die-meistersinger-von-nuernberg,wagner-die-meistersinger-von-nuernberg,,True,Wagner,Die Meistersinger von Nürnberg,,0,david|walther,14,3,32,26,3,3,10,0,3031,34.0,23376,22099,5902,,1868,,1868,18.9375,0.6108870967741935,0.8858208387514802,32,31.0,1.0,2.0,1.3891129032258065
545,ger000349,wagner-die-walkuere,wagner-die-walkuere,,True,Wagner,Die Walküre,,0,wotan|bruennhilde,11,3,14,3,11,0,0,0,2296,36.0,12854,12120,3565,,1870,1853,1853,9.142857142857142,0.7032967032967034,0.9332334332334332,14,13.0,1.0,2.0,1.2967032967032968
546,ger000319,wagner-goetterdaemmerung,wagner-goetterdaemmerung,,True,Wagner,Götterdämmerung,,0,siegfried,12,3,15,5,10,0,0,0,2055,35.0,12856,12319,4169,,1876,1853,1853,5.6,0.4,0.8209686609686611,15,13.0,1.0,3.0,1.638095238095238
547,ger000175,wagner-lohengrin,wagner-lohengrin,,True,Wagner,Lohengrin,Romantische Oper in drei Aufzügen,0,ortrud|elsa,11,3,25,18,6,1,15,0,1227,37.0,11960,10925,3830,,1850,,1850,11.92,0.49666666666666665,0.7585794924030218,25,20.0,2.0,3.0,1.4173228346456692
548,ger000413,wagner-parsifal,wagner-parsifal,,True,Wagner,Parsifal,Ein Bühnenweihfestspiel,0,kundry|parsifal,3,3,23,15,7,1,5,0,1293,39.0,10676,10453,3528,,1882,1877,1877,13.478260869565217,0.6126482213438735,0.9631093544137023,23,22.0,1.0,2.0,1.3873517786561265
549,ger000105,wagner-siegfried,wagner-siegfried,,True,Wagner,Siegfried,,0,siegfried|wandrer,8,3,8,5,2,1,0,0,2766,33.0,15041,14528,3593,,1876,1853,1853,4.25,0.6071428571428571,0.7291666666666667,8,6.0,1.0,3.0,1.4285714285714286
550,ger000415,wagner-tannhaeuser,wagner-tannhaeuser,,True,Wagner,Tannhäuser und Der Sängerkrieg auf Wartburg,Große romantische Oper in drei Akten,0,tannhaeuser,11,3,17,13,4,0,6,0,882,36.0,7847,7188,2056,,1845,,1845,11.882352941176471,0.7426470588235294,0.9209736342089284,17,16.0,1.0,2.0,1.2573529411764706
551,ger000166,wagner-tristan-und-isolde,wagner-tristan-und-isolde,,True,Wagner,Tristan und Isolde,,0,isolde|brangaene|kurwenal,11,3,10,8,2,0,1,0,2378,46.0,10931,10413,2162,1859,1865,1859,1859,7.2,0.8,0.8892857142857142,10,9.0,1.0,2.0,1.2
565,ger000257,weidmann-der-dorfbarbier,weidmann-der-dorfbarbier,,True,Weidmann,Der Dorfbarbier,Komische Oper in einem Akt,1,adam|lux,13,0,11,7,2,2,2,216,304,1.0,6037,5914,558,,1796,,1796,6.181818181818182,0.6181818181818182,0.8221500721500722,11,9.0,2.0,2.0,1.2444444444444445
568,ger000186,weisse-die-jagd,weisse-die-jagd,,True,Weiße,Die Jagd,Eine komische Oper in drey Aufzügen,0,toeffel,34,3,17,10,3,4,4,709,583,2.0,21531,20708,1814,,1770,1770,1770,7.764705882352941,0.4852941176470588,0.8887791946615475,17,13.0,1.0,3.0,1.588235294117647
575,ger000169,wette-haensel-und-gretel,wette-haensel-und-gretel,,True,Wette,Hänsel und Gretel,Märchenspiel in drei Bildern,0,haensel|gretel,11,3,9,4,3,2,1,0,835,22.0,6460,6056,1961,,1893,,1893,4.0,0.5,0.8571428571428572,9,8.0,1.0,2.0,1.5
576,ger000333,widmann-der-widerspenstigen-zaehmung,widmann-der-widerspenstigen-zaehmung,,True,Widmann,Der Widerspenstigen Zähmung,Komische Oper in vier Akten,0,hortensio|katharine,22,4,19,8,5,6,8,1,1293,4.0,9896,9489,1008,,1874,,1874,7.2631578947368425,0.40350877192982454,0.8137015031751873,19,14.0,1.0,3.0,1.6900584795321638
578,ger000373,wieland-alceste,wieland-alceste,,True,Wieland,Alceste,Ein Singspiel in fünf Aufzügen,0,several characters,5,5,5,2,2,1,0,0,982,2.0,6156,6065,422,,1773,1773,1773,4.0,1.0,1.0,5,4.0,1.0,1.0,1.0
589,ger000295,wohlbrueck-der-vampyr,wohlbrueck-der-vampyr,,True,Wohlbrück,Der Vampyr,Romantische Oper in vier Aufzügen,0,ruthwen,39,4,26,15,5,6,9,162,1615,11.0,17291,16319,4291,,1828,,1828,7.769230769230769,0.31076923076923074,0.8141827127121245,26,18.0,1.0,4.0,1.9692307692307693
6,fre000006,aigueberre-pan-et-doris,aigueberre-pan-et-doris,,False,Dumas d'Aigueberre,Pan et Doris Pastorale,,0,palemon|pan,7,1,9,3,0,6,0,0,233,,2289,1628,11,,,1729,1729.0,6.666666666666667,0.8333333333333334,0.9523809523809523,9,8.0,1.0,2.0,1.1666666666666667
50,fre001505,arago-mademoiselle-lange,arago-mademoiselle-lange,,False,Arago,Mademoiselle Lange,Vaudeville,0,julie|simon,18,0,7,2,2,3,0,379,73,,6116,5919,166,,1701-12-13,1846,1701.0,4.857142857142857,0.8095238095238095,0.9238095238095239,7,6.0,1.0,2.0,1.1904761904761905
63,fre000057,arnould-heroine-americaine,arnould-heroine-americaine,,False,Arnould,L'Héroïne Américaine,Pantomime en Trois Actes,0,,39,3,0,0,0,1,0,0,0,,3268,0,54,,,1786,1786.0,,,,0,,,,
72,fre000065,audinot-dorothee,audinot-dorothee,,False,Nicolas-Médard AUDINOT (1732-1801),Dorothée,Pantomime à Spectacle,0,,53,4,0,0,0,1,0,0,0,,3950,0,3278,,1782,1782,1782.0,,,,0,,,,
85,fre000078,barbier-ombre-de-moliere,barbier-ombre-de-moliere,,False,Barbier,L'Ombre de Molière,Intermède,0,le-poete|moliere|mercure,4,2,5,2,2,1,0,0,483,,5369,4157,81,,,1847,1847.0,1.6,0.4,0.6,5,2.0,2.0,1.0,1.
93,fre000086,barre-radet-candide,barre-radet-candide,,False,Barré,"Candide Marié, ou Il Faut Cultiver son Jardin.","Comédie en Deux Actes, en Prose et Vaudevilles",1,justin,17,2,18,7,2,9,0,205,832,,8354,7961,693,,1788-06-20,1788,1788.0,10.444444444444445,0.6143790849673203,0.8452923619590285,18,15.0,1.0,3.0,1.4248366013071896
94,fre000087,barre-redet-desfontaines-marige-de-scarron,barre-redet-desfontaines-marige-de-scarron,,False,Barré,Le Mariage de Scarron,"Comédie en un Acte et en Prose, Mêlée de Vaudevilles",2,ninon|maugin|monsieur-de-villarceaux,26,1,13,4,2,7,0,418,492,,9792,9529,426,,1797-05-08,1797,1797.0,7.846153846153846,0.6538461538461539,0.8833888333888334,13,11.0,1.0,2.0,1.3461538461538463
152,fre000128,biancollelli-foire-galante,biancollelli-foire-galante,Comedy,False,Biancolelli,La Foire Galante le Mariage d'Arlequin,Opéra Comique,0,arlequin,25,0,14,4,3,7,0,0,674,,4578,4345,517,,1710-07-25,1710,1710.0,6.0,0.46153846153846156,0.7980935730935731,14,13.0,1.0,2.0,1.5384615384615385
164,fre000138,bizet-boites,bizet-boites,Comedy,False,Bizet,"Les Boîtes, ou La Conspiration des Mouchoirs, Divertissement-Vaudeville",,0,scevola|blaise|subtil,18,0,11,0,0,11,0,145,227,,4555,4359,388,,1796-09-05,1796,1796.0,6.0,0.6,0.8404040404040404,11,9.0,1.0,3.0,1.4181818181818182
165,fre000137,bizet-simonot-gilles-tout-seul,bizet-simonot-gilles-tout-seul,,False,Bizet,Gilles Tout Seul,Vaudeville en un Acte.,1,gilles,2,0,1,1,0,0,0,82,411,,5561,5433,800,,1799-02-19,1799,1799.0,0.0,0.0,0.0,1,0.0,1.0,0.0,0.0
208,fre000180,boursault-medecin-volant,boursault-medecin-volant,Comedy,False,Boursault,Le Médecin Volant,Comédie Burlesque,0,crispin|fernand,25,1,7,5,2,0,0,0,702,,6546,5853,171,,1694-10,1666,1666.0,4.285714285714286,0.7142857142857143,0.8857142857142858,7,6.0,1.0,2.0,1.2857142857142858
369,fre000318,colle-esperance,colle-esperance,,False,Collé,"L'Espérance, Prologue, en Vaudevilles et en Prose.",,0,l-esperance|la-parade|leandre,6,0,6,2,3,1,0,74,250,,3277,3179,249,,1731,1777,1731.0,4.333333333333333,0.8666666666666667,0.9,6,5.0,1.0,2.0,1.1333333333333333
444,fre000390,coupigny-barre-piis-desfontaines-hommage-racine,coupigny-barre-piis-desfontaines-hommage-racine,,False,Coupigny,Hommage du Petit Vaudeville au Grand Racine.,Vaudeville en un Acte,4,laforest|petit-jean|antoine,7,1,10,5,0,5,0,168,369,,5092,4868,254,,1798-05-21,1798,1798.0,7.0,0.7777777777777778,0.9166666666666666,10,9.0,1.0,2.0,1.2222222222222223
632,fre000547,dufresny-joueuse,dufresny-joueuse,Comedy,False,Dufresny,La Joueuse,"Comédie en Cinq Actes, avec un Divertissement.",0,several characters,54,5,11,5,5,1,0,802,76,,17138,16769,29,,1709-10-22,1699,1699.0,7.090909090909091,0.7090909090909091,0.8683261183261183,11,9.0,1.0,2.0,1.290909090909091
668,fre000595,duvert-xavier-odeina,duvert-xavier-odeina,Comedy,False,Duvert,Odéina ou La Canadienne,Comédie-Vaudeville en un Acte,1,eugene,21,1,13,3,2,8,0,306,245,,7886,7482,472,,,1827,1827.0,9.538461538461538,0.7948717948717948,0.9351981351981351,13,12.0,1.0,2.0,1.205128205128205
731,fre000657,fuzelier-orphee,fuzelier-orphee,,False,Fuzelier,"Orphée, ou Arlequin aux Enfers",Divertissement qui A Eté Joué Ensuite du Pédant le Samedi Douze Septembre 1711.,0,scaramouche|arlequin,7,1,3,2,0,1,0,0,34,,946,456,555,,1716-09-12,1711,1711.0,0.6666666666666666,0.3333333333333333,0.0,3,1.0,2.0,1.0,1.0
732,fre000658,fuzelier-scaramouche-pedant,fuzelier-scaramouche-pedant,,False,Fuzelier,Scaramouche Pédant,Divertissement Représenté par les Sieurs Dolet et la Place.,0,several characters,13,1,7,4,1,2,0,0,102,,1734,995,921,,1716-09-12,1711,1711.0,0.0,0.0,0.0,7,0.0,7.0,0.0,0.0
807,fre000726,grandval-eunuque,grandval-eunuque,,False,Grandval,L'Eunuque ou La Fidèle Infidélité,Parade en vaudevilles mêlée de prose et de vers,0,several characters,7,1,6,3,2,1,0,72,632,,6335,6059,511,,1755-10,1755,1755.0,5.0,1.0,1.0,6,5.0,1.0,1.0,1.0
844,fre000761,henault-temple-des-chimeres,henault-temple-des-chimeres,,False,Hénault,Le Temple des Chimères,Divertissement,0,la-deesse,6,0,13,3,1,9,0,0,176,,1453,1235,178,,,1806,1806.0,4.615384615384615,0.38461538461538464,0.7794483294483295,13,11.0,1.0,3.0,1.7307692307692308
867,fre000779,hus-ingenu,hus-ingenu,,False,Hus,"L'Ingénu, ou Le Sauvage du Canada",Pantomime en Deux Actes,0,kerkabon,24,0,7,2,2,3,0,27,24,,5702,1559,5058,,,1805,1805.0,3.142857142857143,0.5238095238095238,0.6571428571428571,7,5.0,2.0,2.0,1.2666666666666666
934,fre000801,labiche-michel-deux-timides,labiche-michel-deux-timides,Comedy,False,Labiche,Les Deux Timides,Comédie-Vaudeville en un Acte,1,several characters,20,1,5,3,2,0,0,561,101,,7549,7296,815,,1860-03-16,1860,1860.0,4.0,1.0,1.0,5,4.0,1.0,1.0,1.0
990,fre000896,louet-lemarchant-artistes-de-societe,louet-lemarchant-artistes-de-societe,Comedy,False,Louet-Lemarchant,Les Artistes de Société,"Comédie-vaudeville-impromptu en un Acte,",0,several characters,15,1,11,4,4,3,0,112,248,,4727,4454,277,,,1818,1818.0,6.363636363636363,0.6363636363636364,0.7994227994227995,11,9.0,2.0,2.0,1.2222222222222223
1061,fre000967,merle-a-bas-moliere,merle-a-bas-moliere,,False,Meerle,A Bas Molière,Pièce en un Acte et en Vaudevilles.,1,several characters,20,1,12,7,1,4,0,335,313,,7383,6952,242,,1809-08-21,1809,1809.0,9.166666666666666,0.8333333333333334,0.8986111111111112,12,11.0,1.0,2.0,1.1666666666666667
1095,fre001001,moliere-divertissement-chambord,moliere-divertissement-chambord,,False,Molière,Le Divertissement de Chambord,"Mêlé de Comédie, de Musique, et d'Entrées de Ballet.",0,several characters,4,4,13,0,0,13,0,0,117,,1083,853,328,,1670,1670,1670.0,3.3846153846153846,0.28205128205128205,0.7692307692307693,13,5.0,4.0,1.0,1.0
1116,fre001022,moliere-princesse-d-elide,moliere-princesse-d-elide,Comedy,False,Molière,La Princesse d'Elide,"Comédie Galante Mêlée de Musique et d'Entrées de Ballet par la Troupe de Monsieur, Frère Unique du Roi",0,la-princesse,34,5,28,8,4,16,0,258,529,4.0,13011,11994,236,,1664-05-08,1665,1664.0,6.357142857142857,0.23544973544973544,0.777643784786642,28,12.0,4.0,3.0,1.5212121212121212
1159,fre001065,nadal-esther,nadal-esther,,False,Nadal,Esther,Divertissement Spirituel.,0,le-choeur|une-israelite,5,1,9,3,1,5,0,0,142,,1319,1128,3,,1734-03-04,1738,1734.0,3.5555555555555554,0.4444444444444444,0.6444444444444444,9,6.0,2.0,3.0,1.5
1241,fre001144,pradel-moliere-avignon,pradel-moliere-avignon,Comedy,False,Pradel,Molière et Mignard à Avignon,Comédie-Vaudeville en un acte.,0,moliere|belton,18,0,10,5,2,3,0,199,310,,5305,4751,212,,1829-06-04,1829,1829.0,7.4,0.8222222222222222,0.9376984126984128,10,9.0,1.0,2.0,1.1777777777777778
1262,fre001166,quinault-atys,quinault-atys,Tragedy,False,Quinault,Atys,Tragédie en Musique,0,cybele,34,5,53,9,6,38,0,0,1179,,9811,9053,653,,1676-01-10,1676,1676.0,7.849056603773585,0.1509433962264151,0.8773087807494023,53,18.0,2.0,5.0,2.549115913555992
1270,fre001174,quinault-genereuse-ingratitude,quinault-genereuse-ingratitude,Tragicomedy,False,Quinault,La Généreuse Ingratitude,Tragi-Comédie Pastorale,0,several characters,39,5,12,7,3,2,0,0,1772,,16745,15390,9,,1665-10-15,1656,1656.0,6.833333333333333,0.6212121212121212,0.7748015873015873,12,9.0,1.0,3.0,1.4242424242424243
1276,fre001179,quinault-proserpine,quinault-proserpine,Tragedy,False,Quinault,Proserpine,"Tragédie en Musique, Ornée d'Entrées de Ballet, de Machines et de Changements de Théâtre",0,le-choeur,37,5,40,7,5,28,0,0,1106,,9297,8332,786,,1680-02-03,1680,1680.0,5.6,0.14358974358974358,0.6913267376328524,40,19.0,5.0,4.0,2.1711409395973154
1355,fre001255,rougemont-discours-de-rentree,rougemont-discours-de-rentree,Comedy,False,Balisson de Rougemont,Discours de Rentrée,Comédie Vaudevillle en un Acte,0,several characters,19,1,6,2,1,3,0,435,59,,8747,8449,522,,1838-11-28,1838,1838.0,5.0,1.0,1.0,6,5.0,1.0,1.0,1.0
1356,fre001260,rousseau-devin-du-village,rousseau-devin-du-village,,False,Rousseau,Le Devin du Village,Divertissement,0,colin|colette,8,1,8,1,1,6,0,0,329,12.0,2619,2346,203,,1752-10-18,1753,1752.0,5.75,0.8214285714285714,0.9404761904761905,8,7.0,1.0,2.0,1.1785714285714286
1530,fre001426,voltaire-hote-hotesse,voltaire-hote-hotesse,,False,Voltaire,L'Hôte et l'Hôtesse,Divertissement,0,le-maitre-d-hotel,3,1,10,7,1,2,0,10,77,,2494,1106,278,,,1801,1801.0,6.0,0.6666666666666666,0.775,10,8.0,1.0,3.0,1.488888888888889
1557,fre001452,vondrebeck-alard-forces-de-l-amour,vondrebeck-alard-forces-de-l-amour,,False,Vondrebeck,Les Forces de l'Amour et de la Magie,Divertissement Comique en Trois Intermèdes,1,gresinde|zoroastre|merlin,12,1,3,2,1,0,0,63,0,,2730,2336,381,,1678-02-03,1678,1678.0,2.0,1.0,1.0,3,2.0,1.0,1.0,1.0
20,ger000355,baeuerle-die-buerger-in-wien,baeuerle-die-buerger-in-wien,Comedy,False,Bäuerle,Die Bürger in Wien,Lokale Posse in drei Akten,0,staberl,50,3,19,13,4,2,2,642,52,2,16210,15686,1204,,1813,1820,1813.0,9.578947368421053,0.5321637426900585,0.8571968193485222,19,18.0,1.0,2.0,1.4678362573099415
135,ger000356,goethe-proserpina,goethe-proserpina,,False,Goethe,Proserpina,Ein Monodrama,0,die_parzen|proserpina,1,0,2,0,2,0,1,9,0,0,1221,1200,17,,1778,1778,1778.0,1.0,1.0,0.0,2,1.0,1.0,1.0,1.0
221,ger000571,herzenskron-hoang-puff,herzenskron-hoang-puff,Comedy,False,Herzenskron,Hoang-Puff,"Posse in einem Acte, nach dem Französischen der Herren Caignéz und Louis frey bearbeitet",0,nadir|hoang-puff|zimar,18,0,7,6,1,0,1,343,0,0,5770,5506,562,,1822-09-30,1826,1822.0,5.142857142857143,0.8571428571428571,0.8857142857142858,7,6.0,1.0,2.0,1.1428571428571428
245,ger000331,holtei-die-kalkbrenner,holtei-die-kalkbrenner,Comedy,False,Holtei,Die Kalkbrenner,Liederposse in einem Akt,0,kotzeluch,11,0,8,6,2,0,1,197,148,0,6894,6368,465,,1825,1828,1825.0,5.5,0.7857142857142857,0.8392857142857143,8,7.0,1.0,2.0,1.2142857142857142
270,ger000021,kaiser-stadt-und-land,kaiser-stadt-und-land,Comedy,False,Kaiser,Stadt und Land oder Der Viehhändler aus Oberösterreich,Posse mit Gesang in drei Aufzügen,0,sebastian,38,3,15,11,4,0,0,842,110,0,16976,16365,2259,,1844,1845,1844.0,9.733333333333333,0.6952380952380952,0.8938476338476339,15,14.0,1.0,2.0,1.3047619047619048
298,ger000574,koller-der-zauberstein,koller-der-zauberstein,Comedy,False,Koller,Der Zauberstein,Eine Posse in einem Aufzuge. Vierte Fortsetzung der beiden Billets,0,goerge,15,0,4,3,1,0,0,409,0,0,5467,5304,302,,,1804,1804.0,2.0,0.6666666666666666,0.5833333333333333,4,3.0,1.0,2.0,1.3333333333333333
305,ger000494,kotzebue-der-wirrwarr,kotzebue-der-wirrwarr,Comedy,False,Kotzebue,"Der Wirrwarr, oder der Muthwillige",Eine Posse in fünf Akten,0,fritz,50,5,10,6,4,0,0,1343,0,0,18601,18022,1608,,1801,1803,1801.0,5.6,0.6222222222222222,0.7920634920634921,10,9.0,1.0,2.0,1.3777777777777778
313,ger000495,kotzebue-pagenstreiche,kotzebue-pagenstreiche,Comedy,False,Kotzebue,Pagenstreiche,Eine Posse in fünf Aufzügen,0,deborah|baron,66,5,16,11,5,0,0,1391,69,0,22205,21227,2353,,1803,1804,1803.0,11.875,0.7916666666666666,0.8683441558441559,16,15.0,1.0,2.0,1.2083333333333333
331,ger000069,laufs-jacoby-pension-schoeller,laufs-jacoby-pension-schoeller,Comedy,False,Laufs,Pension Schöller,Posse in drei Aufzügen,1,kissling,36,3,20,13,7,0,0,919,0,3,15730,15376,1970,,1890,1890,1890.0,10.8,0.5684210526315789,0.8365715656892126,20,18.0,1.0,3.0,1.4526315789473685
363,ger000044,malss-die-jungfern-koechinnen,malss-die-jungfern-koechinnen,Comedy,False,Malß,Die Jungfern Köchinnen,Lokalposse in einem Akt,0,madame_hammel,28,0,11,4,7,0,0,452,8,0,9681,9309,952,,1835,1836,1835.0,8.363636363636363,0.8363636363636363,0.890909090909091,11,10.0,1.0,2.0,1.1636363636363636
382,ger000341,nestroy-das-haus-der-temperamente,nestroy-das-haus-der-temperamente,Comedy,False,Nestroy,Das Haus der Temperamente,Posse mit Gesang in zwei Akten,0,schlankel,605,2,43,24,16,3,3,1587,145,2,28851,26657,6975,1837,1837,1891,1837.0,7.674418604651163,0.18272425249169436,0.6912222134877224,43,23.0,3.0,5.0,2.401219512195122
383,ger000200,nestroy-das-maedl-aus-der-vorstadt,nestroy-das-maedl-aus-der-vorstadt,Comedy,False,Nestroy,Das Mädl aus der Vorstadt oder Ehrlich währt am längsten,Posse in drei Aufzügen,0,schnoferl,60,3,15,6,7,2,2,1110,182,2,20948,20308,2566,1841,1841,1845,1841.0,7.6,0.5428571428571428,0.8088888888888889,15,12.0,1.0,3.0,1.6095238095238096
384,ger000062,nestroy-der-boese-geist-lumpazivagabundus,nestroy-der-boese-geist-lumpazivagabundus,Comedy,False,Nestroy,Der böse Geist Lumpazivagabundus oder Das liederliche Kleeblatt,Zauberposse mit Gesang in drei Aufzügen,0,zwirn,44,3,51,29,13,9,0,765,214,5,14521,13922,2040,1833,1833,1835,1833.0,8.235294117647058,0.16470588235294117,0.8234796234565553,51,39.0,1.0,4.0,2.0823529411764707
385,ger000083,nestroy-der-talisman,nestroy-der-talisman,Comedy,False,Nestroy,Der Talisman,Posse mit Gesang in drei Aufzügen,0,flora|titus,71,3,30,16,7,7,0,880,301,2,20658,19954,2862,1840,1843,1843,1843.0,6.733333333333333,0.23218390804597702,0.8139911722264662,30,17.0,2.0,5.0,2.2118226600985222
386,ger000117,nestroy-der-unbedeutende,nestroy-der-unbedeutende,Comedy,False,Nestroy,Der Unbedeutende,Posse mit Gesang in drei Akten,0,peter,69,3,36,24,10,2,2,992,196,3,19278,18215,3589,,1846,1849,1846.0,15.666666666666666,0.44761904761904764,0.822381140136172,36,29.0,1.0,4.0,1.6873015873015873
387,ger000366,nestroy-der-zerrissene,nestroy-der-zerrissene,Comedy,False,Nestroy,Der Zerrissene,Posse mit Gesang in drei Aufzügen,0,kathi,48,3,21,18,2,1,0,866,120,2,17229,16546,3169,1844,1844,1845,1844.0,7.619047619047619,0.38095238095238093,0.8486517450803165,21,16.0,1.0,3.0,1.7619047619047619
388,ger000206,nestroy-einen-jux-will-er-sich-machen,nestroy-einen-jux-will-er-sich-machen,Comedy,False,Nestroy,Einen Jux will er sich machen,Posse mit Gesang in vier Aufzügen,0,christoph,63,4,22,14,7,1,1,1215,112,3,21843,20868,4255,1842,1842,1844,1842.0,8.818181818181818,0.4199134199134199,0.7883756153000454,22,19.0,1.0,3.0,1.6103896103896105
389,ger000305,nestroy-eulenspiegel,nestroy-eulenspiegel,Comedy,False,Nestroy,Eulenspiegel oder Schabernack über Schabernack,Posse mit Gesang in vier Akten,0,mehlwurm|nelkenstein,81,4,19,13,5,1,3,896,181,2,16541,15683,3133,,1835,1839,1835.0,8.526315789473685,0.47368421052631576,0.7548191574507362,19,14.0,1.0,3.0,1.5730994152046784
390,ger000131,nestroy-freiheit-in-kraehwinkel,nestroy-freiheit-in-kraehwinkel,Comedy,False,Nestroy,Freiheit in Krähwinkel,Posse mit Gesang in zwei Abteilungen und drei Aufzügen,0,ultra,66,3,34,15,12,7,9,760,201,3,14346,13424,2310,1848,1848,1849,1848.0,10.117647058823529,0.3065953654188948,0.7510164419242912,34,22.0,1.0,3.0,1.8163992869875223
392,ger000028,nestroy-zu-ebener-erde-und-erster-stock,nestroy-zu-ebener-erde-und-erster-stock,Comedy,False,Nestroy,Zu ebener Erde und erster Stock oder Die Launen des Glückes,Lokalposse mit Gesang in drei Aufzügen,0,zins,233,3,39,29,8,2,0,1030,216,2,20286,18575,3923,,1835,1838,1835.0,7.846153846153846,0.20647773279352227,0.8415975594708627,39,18.0,1.0,4.0,2.2361673414304994
397,ger000353,niebergall-datterich,niebergall-datterich,Comedy,False,Niebergall,Datterich,Localposse in der Mundart der Darmstädter in sechs Bildern,0,datterich,48,6,21,17,4,0,0,853,18,1,19274,18806,1717,,1862,1841,1841.0,7.142857142857143,0.35714285714285715,0.7584905487161124,21,20.0,1.0,2.0,1.6428571428571428
409,ger000116,raimund-der-barometermacher-auf-der-zauberinsel,raimund-der-barometermacher-auf-der-zauberinsel,Comedy,False,Raimund,Der Barometermacher auf der Zauberinsel,Zauberposse mit Gesang und Tanz in zwei Aufzügen als Parodie des Märchens: Prinz Tutu,0,quecksilber,42,2,26,12,7,7,9,533,262,1,13852,13192,1939,1823,1823,1837,1823.0,4.923076923076923,0.19692307692307692,0.8241717346980505,26,19.0,1.0,4.0,2.0646153846153847
497,ger000503,sessa-unser-verkehr,sessa-unser-verkehr,Comedy,False,Sessa,Unser Verkehr,Eine Posse in einem Akte,0,jakob,23,0,16,11,3,2,2,452,0,0,7990,7759,852,,1813,1815,1813.0,6.0,0.4,0.7427895021645022,16,15.0,1.0,2.0,1.6
499,ger000590,sievers-die-schatzgraeber,sievers-die-schatzgraeber,Comedy,False,Sievers,Die Schatzgräber,Posse in einem Aufzuge. Fortsetzung der beiden Billets,0,several characters,9,0,6,5,1,0,1,334,0,0,7709,7426,774,,,1807,1807.0,5.0,1.0,1.0,6,5.0,1.0,1.0,1.0
502,ger000526,solbrig-die-dorfschule,solbrig-die-dorfschule,Comedy,False,Solbrig,Die Dorfschule,Eine charakteristische Posse in einem Akte,0,several characters,2,0,9,9,0,0,0,182,4,0,3599,3523,267,,1812,1819,1812.0,8.0,1.0,1.0,9,8.0,1.0,1.0,1.0
